Removed samples and series PI3K ,,,
Series,Reason,Sample,Reason 
GSE81214,irrelevant setup,GSM1709551,irrelevant treatment
GSE63840,irrelevant setup,GSM1709552,irrelevant treatment
GSE55939,irrelevant setup,GSM1709553,irrelevant treatment
GSE63843,only two samples,GSM1709551,irrelevant treatment
GSE73114,irrelevant setup,GSM1709552,irrelevant treatment
GSE89403,irrelevant setup,GSM1709553,irrelevant treatment
GSE94438,irrelevant setup,GSM1899719,irrelevant knockout
GSE85011,irrelevant setup,GSM1899720,irrelevant knockout
GSE115616,irrelevant setup,GSM1899721,irrelevant knockout
GSE121226,irrelevant setup,GSM1899722,irrelevant knockout
GSE126397,irrelevant setup,GSM1899723,irrelevant knockout
GSE117469,irrelevant setup,GSM1899724,irrelevant knockout
GSE85133,irrelevant setup,GSM1899725,irrelevant knockout
GSE68086,not enough relevant samples,GSM1899726,irrelevant knockout
GSE99133,irrelevant setup,GSM1899727,irrelevant knockout
GSE118750,irrelevant setup,GSM1899728,irrelevant knockout
GSE123573,irrelevant setup,GSM1899729,irrelevant knockout
GSE130513,irrelevant setup (only mutants),GSM1899730,irrelevant knockout
GSE94461,irrelevant treatment,GSM1899731,irrelevant knockout
GSE113144,no difference between case and control,GSM1899732,irrelevant knockout
GSE94980,no difference between case and control,GSM1899733,irrelevant knockout
GSE110610,no difference between case and control,GSM1899734,irrelevant knockout
GSE111584,no difference between case and control,GSM1899735,irrelevant knockout
GSE112445,no difference between case and control,GSM1899736,irrelevant knockout
GSE118798,no difference between case and control,GSM1899737,irrelevant knockout
,,GSM1899738,irrelevant knockout
,,GSM1899739,irrelevant knockout
,,GSM1899740,irrelevant knockout
,,GSM1899741,irrelevant knockout
,,GSM1899748,irrelevant knockout
,,GSM1899749,irrelevant knockout
,,GSM1899750,irrelevant knockout
,,GSM1899751,irrelevant knockout
,,GSM1899752,irrelevant knockout
,,GSM1899753,irrelevant knockout
,,GSM2192660,irrelevant overexpression
,,GSM2192661,irrelevant overexpression
,,GSM2192662,irrelevant overexpression
,,GSM2192663,irrelevant overexpression
,,GSM2192664,irrelevant overexpression
,,GSM2192665,irrelevant overexpression
,,GSM2192666,irrelevant overexpression
,,GSM2192667,irrelevant overexpression
,,GSM2192668,irrelevant overexpression
,,GSM2192669,irrelevant overexpression
,,GSM2192670,irrelevant overexpression
,,GSM2192671,irrelevant overexpression
,,GSM2192672,irrelevant overexpression
,,GSM2192673,irrelevant overexpression
,,GSM2192674,irrelevant overexpression
,,GSM2192675,irrelevant overexpression
,,GSM2192676,irrelevant overexpression
,,GSM2192677,irrelevant overexpression
,,GSM2192678,irrelevant overexpression
,,GSM2192679,irrelevant overexpression
,,GSM2192680,irrelevant overexpression
,,GSM2192681,irrelevant overexpression
,,GSM2192682,irrelevant overexpression
,,GSM2192689,irrelevant control
,,GSM2192690,irrelevant control
,,GSM2192691,irrelevant control
,,GSM2192692,irrelevant control
,,GSM2192693,irrelevant control
,,GSM2192694,irrelevant control
,,GSM2192695,irrelevant control
,,GSM2192696,irrelevant control
,,GSM2192697,irrelevant control
,,GSM2192698,irrelevant control
,,GSM2192699,irrelevant overexpression
,,GSM2192700,irrelevant overexpression
,,GSM2192701,irrelevant overexpression
,,GSM2192702,irrelevant overexpression
,,GSM2192703,irrelevant overexpression
,,GSM2192704,irrelevant overexpression
,,GSM2192705,irrelevant overexpression
,,GSM2192706,irrelevant overexpression
,,GSM2705023,irrelevant treatment
,,GSM2705026,irrelevant treatment
,,GSM2705029,irrelevant treatment
,,GSM2493107,irrelevant control
,,GSM2493108,irrelevant control
,,GSM2493109,irrelevant control
,,GSM2493110,irrelevant control
,,GSM2493111,irrelevant control
,,GSM2493112,irrelevant control
,,GSM2493113,irrelevant control
,,GSM2493114,irrelevant control
,,GSM2493115,irrelevant control
,,GSM2493116,irrelevant control
,,GSM2493117,irrelevant control
,,GSM2493118,irrelevant control
,,GSM2493119,irrelevant control
,,GSM2493120,irrelevant control
,,GSM2493121,irrelevant control
,,GSM2493122,irrelevant control
,,GSM2493123,irrelevant control
,,GSM2493124,irrelevant control
,,GSM2493125,irrelevant control
,,GSM2493126,irrelevant control
,,GSM2493287,irrelevant knockout
,,GSM2493288,irrelevant knockout
,,GSM2493289,irrelevant knockout
,,GSM2493290,irrelevant knockout
,,GSM2493291,irrelevant knockout
,,GSM2493292,irrelevant knockout
,,GSM2493293,irrelevant knockout
,,GSM2493294,irrelevant knockout
,,GSM2493295,irrelevant knockout
,,GSM2493296,irrelevant knockout
,,GSM2493297,irrelevant knockout
,,GSM2493298,irrelevant knockout
,,GSM2493299,irrelevant knockout
,,GSM2493300,irrelevant knockout
,,GSM2493301,irrelevant knockout
,,GSM2493302,irrelevant knockout
,,GSM2493303,irrelevant knockout
,,GSM2493304,irrelevant knockout
,,GSM2493305,irrelevant knockout
,,GSM2493306,irrelevant knockout
,,GSM2493307,irrelevant knockout
,,GSM2493308,irrelevant knockout
,,GSM2493309,irrelevant knockout
,,GSM2493310,irrelevant knockout
,,GSM2493311,irrelevant knockout
,,GSM2493312,irrelevant knockout
,,GSM2493313,irrelevant knockout
,,GSM2493314,irrelevant knockout
,,GSM2493315,irrelevant knockout
,,GSM2493316,irrelevant knockout
,,GSM2493317,irrelevant knockout
,,GSM2493318,irrelevant knockout
,,GSM2493319,irrelevant knockout
,,GSM2493320,irrelevant knockout
,,GSM2493321,irrelevant knockout
,,GSM2493322,irrelevant knockout
,,GSM2493323,irrelevant knockout
,,GSM2493324,irrelevant knockout
,,GSM2493325,irrelevant knockout
,,GSM2493326,irrelevant knockout
,,GSM2493327,irrelevant knockout
,,GSM2493328,irrelevant knockout
,,GSM2493329,irrelevant knockout
,,GSM2493330,irrelevant knockout
,,GSM2493331,irrelevant knockout
,,GSM2493332,irrelevant knockout
,,GSM2493333,irrelevant knockout
,,GSM2493334,irrelevant knockout
,,GSM2493335,irrelevant knockout
,,GSM2493336,irrelevant knockout
,,GSM2493337,irrelevant knockout
,,GSM2493338,irrelevant knockout
,,GSM2493339,irrelevant knockout
,,GSM2493340,irrelevant knockout
,,GSM2493341,irrelevant knockout
,,GSM2493342,irrelevant knockout
,,GSM2493343,irrelevant knockout
,,GSM2493344,irrelevant knockout
,,GSM2493345,irrelevant knockout
,,GSM2493346,irrelevant knockout
,,GSM2493347,irrelevant knockout
,,GSM2493348,irrelevant knockout
,,GSM2493349,irrelevant knockout
,,GSM2493350,irrelevant knockout
,,GSM2493351,irrelevant knockout
,,GSM2493352,irrelevant knockout
,,GSM2493353,irrelevant knockout
,,GSM2493354,irrelevant knockout
,,GSM2493355,irrelevant knockout
,,GSM2493356,irrelevant knockout
,,GSM2493357,irrelevant knockout
,,GSM2493358,irrelevant knockout
,,GSM2493359,irrelevant knockout
,,GSM2493360,irrelevant knockout
,,GSM2493361,irrelevant knockout
,,GSM2493362,irrelevant knockout
,,GSM2493363,irrelevant knockout
,,GSM2493364,irrelevant knockout
,,GSM2493365,irrelevant knockout
,,GSM2493366,irrelevant knockout
,,GSM2493367,irrelevant knockout
,,GSM2493368,irrelevant knockout
,,GSM2493369,irrelevant knockout
,,GSM2493370,irrelevant knockout
,,GSM2493371,irrelevant knockout
,,GSM2493372,irrelevant knockout
,,GSM2493373,irrelevant knockout
,,GSM2493374,irrelevant knockout
,,GSM2493375,irrelevant knockout
,,GSM2493376,irrelevant knockout
,,GSM2493377,irrelevant knockout
,,GSM2493378,irrelevant knockout
,,GSM2493379,irrelevant knockout
,,GSM2493380,irrelevant knockout
,,GSM2493381,irrelevant knockout
,,GSM2493382,irrelevant knockout
,,GSM2493383,irrelevant knockout
,,GSM2493384,irrelevant knockout
,,GSM2493385,irrelevant knockout
,,GSM2493386,irrelevant knockout
,,GSM2493387,irrelevant knockout
,,GSM2493388,irrelevant knockout
,,GSM2493389,irrelevant knockout
,,GSM2493390,irrelevant knockout
,,GSM2493391,irrelevant knockout
,,GSM2493392,irrelevant knockout
,,GSM2493393,irrelevant knockout
,,GSM2493394,irrelevant knockout
,,GSM2493395,irrelevant knockout
,,GSM2493396,irrelevant knockout
,,GSM2493397,irrelevant knockout
,,GSM2493398,irrelevant knockout
,,GSM2493399,irrelevant knockout
,,GSM2493400,irrelevant knockout
,,GSM2493401,irrelevant knockout
,,GSM2493402,irrelevant knockout
,,GSM2493403,irrelevant knockout
,,GSM2493404,irrelevant knockout
,,GSM2493405,irrelevant knockout
,,GSM2493406,irrelevant knockout
,,GSM2493407,irrelevant knockout
,,GSM2493408,irrelevant knockout
,,GSM2493409,irrelevant knockout
,,GSM2493410,irrelevant knockout
,,GSM2493411,irrelevant knockout
,,GSM2493412,irrelevant knockout
,,GSM2493413,irrelevant knockout
,,GSM2493414,irrelevant knockout
,,GSM2493415,irrelevant knockout
,,GSM2493416,irrelevant knockout
,,GSM2493417,irrelevant knockout
,,GSM2493418,irrelevant knockout
,,GSM2493419,irrelevant knockout
,,GSM2493420,irrelevant knockout
,,GSM2493421,irrelevant knockout
,,GSM2493422,irrelevant knockout
,,GSM2493423,irrelevant knockout
,,GSM2493424,irrelevant knockout
,,GSM2493425,irrelevant knockout
,,GSM2493426,irrelevant knockout
,,GSM2493427,irrelevant knockout
,,GSM2493428,irrelevant knockout
,,GSM2493429,irrelevant knockout
,,GSM2493430,irrelevant knockout
,,GSM2493431,irrelevant knockout
,,GSM2493432,irrelevant knockout
,,GSM2493433,irrelevant knockout
,,GSM2493434,irrelevant knockout
,,GSM2493435,irrelevant knockout
,,GSM2493436,irrelevant knockout
,,GSM2493437,irrelevant knockout
,,GSM2493438,irrelevant knockout
,,GSM2493439,irrelevant knockout
,,GSM2493440,irrelevant knockout
,,GSM2493441,irrelevant knockout
,,GSM2493442,irrelevant knockout
,,GSM2493443,irrelevant knockout
,,GSM2493444,irrelevant knockout
,,GSM2493445,irrelevant knockout
,,GSM2493446,irrelevant knockout
,,GSM2493447,irrelevant knockout
,,GSM2493448,irrelevant knockout
,,GSM2493449,irrelevant knockout
,,GSM2493450,irrelevant knockout
,,GSM2493451,irrelevant knockout
,,GSM2493452,irrelevant knockout
,,GSM2493453,irrelevant knockout
,,GSM2493454,irrelevant knockout
,,GSM2493455,irrelevant knockout
,,GSM2493456,irrelevant knockout
,,GSM2493457,irrelevant knockout
,,GSM2493458,irrelevant knockout
,,GSM2493459,irrelevant knockout
,,GSM2493460,irrelevant knockout
,,GSM2493461,irrelevant knockout
,,GSM2493462,irrelevant knockout
,,GSM2493463,irrelevant knockout
,,GSM2493464,irrelevant knockout
,,GSM2493465,irrelevant knockout
,,GSM2493466,irrelevant knockout
,,GSM2493467,irrelevant knockout
,,GSM2493468,irrelevant knockout
,,GSM2493469,irrelevant knockout
,,GSM2493470,irrelevant knockout
,,GSM2493471,irrelevant knockout
,,GSM2493472,irrelevant knockout
,,GSM2493473,irrelevant knockout
,,GSM2493474,irrelevant knockout
,,GSM2493475,irrelevant knockout
,,GSM2493476,irrelevant knockout
,,GSM2493477,irrelevant knockout
,,GSM2493478,irrelevant knockout
,,GSM2493479,irrelevant knockout
,,GSM2493480,irrelevant knockout
,,GSM2493481,irrelevant knockout
,,GSM2493482,irrelevant knockout
,,GSM2493483,irrelevant knockout
,,GSM2493484,irrelevant knockout
,,GSM2493485,irrelevant knockout
,,GSM2493486,irrelevant knockout
,,GSM2493487,irrelevant knockout
,,GSM2493488,irrelevant knockout
,,GSM2493489,irrelevant knockout
,,GSM2493490,irrelevant knockout
,,GSM2493491,irrelevant knockout
,,GSM2493492,irrelevant knockout
,,GSM2493493,irrelevant knockout
,,GSM2493494,irrelevant knockout
,,GSM2493495,irrelevant knockout
,,GSM2493496,irrelevant knockout
,,GSM2493497,irrelevant knockout
,,GSM2493498,irrelevant knockout
,,GSM2493499,irrelevant knockout
,,GSM2493500,irrelevant knockout
,,GSM2493501,irrelevant knockout
,,GSM2493502,irrelevant knockout
,,GSM2493503,irrelevant knockout
,,GSM2493504,irrelevant knockout
,,GSM2493505,irrelevant knockout
,,GSM2493506,irrelevant knockout
,,GSM2493507,irrelevant knockout
,,GSM2493508,irrelevant knockout
,,GSM2493509,irrelevant knockout
,,GSM2493510,irrelevant knockout
,,GSM2493511,irrelevant knockout
,,GSM2493512,irrelevant knockout
,,GSM2493513,irrelevant knockout
,,GSM2493514,irrelevant knockout
,,GSM2493515,irrelevant knockout
,,GSM2493516,irrelevant knockout
,,GSM2493517,irrelevant knockout
,,GSM2493518,irrelevant knockout
,,GSM2493519,irrelevant knockout
,,GSM2493520,irrelevant knockout
,,GSM2493521,irrelevant knockout
,,GSM2493522,irrelevant knockout
,,GSM2493523,irrelevant knockout
,,GSM2493524,irrelevant knockout
,,GSM2493525,irrelevant knockout
,,GSM2493526,irrelevant knockout
,,GSM2493527,irrelevant knockout
,,GSM2493528,irrelevant knockout
,,GSM2493529,irrelevant knockout
,,GSM2493530,irrelevant knockout
,,GSM2493531,irrelevant knockout
,,GSM2493532,irrelevant knockout
,,GSM2493533,irrelevant knockout
,,GSM2493534,irrelevant knockout
,,GSM2493535,irrelevant knockout
,,GSM2493536,irrelevant knockout
,,GSM2493537,irrelevant knockout
,,GSM2493538,irrelevant knockout
,,GSM2493539,irrelevant knockout
,,GSM2493540,irrelevant knockout
,,GSM2493541,irrelevant knockout
,,GSM2493542,irrelevant knockout
,,GSM2493543,irrelevant knockout
,,GSM2493544,irrelevant knockout
,,GSM2493545,irrelevant knockout
,,GSM2493546,irrelevant knockout
,,GSM2493547,irrelevant knockout
,,GSM2493548,irrelevant knockout
,,GSM2493549,irrelevant knockout
,,GSM2493550,irrelevant knockout
,,GSM2493551,irrelevant knockout
,,GSM2493552,irrelevant knockout
,,GSM2493553,irrelevant knockout
,,GSM2493554,irrelevant knockout
,,GSM2493555,irrelevant knockout
,,GSM2493556,irrelevant knockout
,,GSM2493557,irrelevant knockout
,,GSM2493558,irrelevant knockout
,,GSM2493559,irrelevant knockout
,,GSM2493560,irrelevant knockout
,,GSM2493561,irrelevant knockout
,,GSM2493562,irrelevant knockout
,,GSM2493563,irrelevant knockout
,,GSM2493564,irrelevant knockout
,,GSM2493565,irrelevant knockout
,,GSM2493566,irrelevant knockout
,,GSM2493567,irrelevant knockout
,,GSM2493568,irrelevant knockout
,,GSM2493569,irrelevant knockout
,,GSM2493570,irrelevant knockout
,,GSM2493571,irrelevant knockout
,,GSM2493572,irrelevant knockout
,,GSM2493573,irrelevant knockout
,,GSM2493574,irrelevant knockout
,,GSM2493575,irrelevant knockout
,,GSM2493576,irrelevant knockout
,,GSM2493577,irrelevant knockout
,,GSM2493578,irrelevant knockout
,,GSM2493579,irrelevant knockout
,,GSM2493580,irrelevant knockout
,,GSM2493581,irrelevant knockout
,,GSM2493582,irrelevant knockout
,,GSM2493583,irrelevant knockout
,,GSM2493584,irrelevant knockout
,,GSM2493585,irrelevant knockout
,,GSM2493586,irrelevant knockout
,,GSM2493587,irrelevant knockout
,,GSM2493588,irrelevant knockout
,,GSM2493589,irrelevant knockout
,,GSM2493590,irrelevant knockout
,,GSM2493591,irrelevant knockout
,,GSM2493592,irrelevant knockout
,,GSM2493593,irrelevant knockout
,,GSM2493594,irrelevant knockout
,,GSM2493595,irrelevant knockout
,,GSM2493596,irrelevant knockout
,,GSM2493597,irrelevant knockout
,,GSM2493598,irrelevant knockout
,,GSM2493599,irrelevant knockout
,,GSM2493600,irrelevant knockout
,,GSM2493601,irrelevant knockout
,,GSM2493602,irrelevant knockout
,,GSM2493603,irrelevant knockout
,,GSM2493604,irrelevant knockout
,,GSM2493605,irrelevant knockout
,,GSM2493606,irrelevant knockout
,,GSM2493607,irrelevant knockout
,,GSM2493608,irrelevant knockout
,,GSM2493609,irrelevant knockout
,,GSM2493610,irrelevant knockout
,,GSM2493611,irrelevant knockout
,,GSM2493612,irrelevant knockout
,,GSM2493613,irrelevant knockout
,,GSM2493614,irrelevant knockout
,,GSM2493615,irrelevant knockout
,,GSM2493616,irrelevant knockout
,,GSM2493617,irrelevant knockout
,,GSM2493618,irrelevant knockout
,,GSM2493619,irrelevant knockout
,,GSM2493620,irrelevant knockout
,,GSM2493621,irrelevant knockout
,,GSM2493622,irrelevant knockout
,,GSM2493623,irrelevant knockout
,,GSM2493624,irrelevant knockout
,,GSM2493625,irrelevant knockout
,,GSM2493626,irrelevant knockout
,,GSM2493627,irrelevant knockout
,,GSM2493628,irrelevant knockout
,,GSM2493629,irrelevant knockout
,,GSM2493630,irrelevant knockout
,,GSM2493631,irrelevant knockout
,,GSM2493632,irrelevant knockout
,,GSM2493633,irrelevant knockout
,,GSM2493634,irrelevant knockout
,,GSM2493635,irrelevant knockout
,,GSM2493636,irrelevant knockout
,,GSM2493637,irrelevant knockout
,,GSM2493638,irrelevant knockout
,,GSM2493639,irrelevant knockout
,,GSM2493640,irrelevant knockout
,,GSM2493641,irrelevant knockout
,,GSM2493642,irrelevant knockout
,,GSM2493643,irrelevant knockout
,,GSM2493644,irrelevant knockout
,,GSM2493645,irrelevant knockout
,,GSM2493646,irrelevant knockout
,,GSM2493727,irrelevant knockout
,,GSM2493728,irrelevant knockout
,,GSM2493729,irrelevant knockout
,,GSM2493730,irrelevant knockout
,,GSM2493731,irrelevant knockout
,,GSM2493732,irrelevant knockout
,,GSM2493733,irrelevant knockout
,,GSM2493734,irrelevant knockout
,,GSM2493735,irrelevant knockout
,,GSM2493736,irrelevant knockout
,,GSM2493737,irrelevant knockout
,,GSM2493738,irrelevant knockout
,,GSM2493739,irrelevant knockout
,,GSM2493740,irrelevant knockout
,,GSM2493741,irrelevant knockout
,,GSM2493742,irrelevant knockout
,,GSM2493743,irrelevant knockout
,,GSM2493744,irrelevant knockout
,,GSM2493745,irrelevant knockout
,,GSM2493746,irrelevant knockout
,,GSM2493747,irrelevant knockout
,,GSM2493748,irrelevant knockout
,,GSM2493749,irrelevant knockout
,,GSM2493750,irrelevant knockout
,,GSM2493751,irrelevant knockout
,,GSM2493752,irrelevant knockout
,,GSM2493753,irrelevant knockout
,,GSM2493754,irrelevant knockout
,,GSM2493755,irrelevant knockout
,,GSM2493756,irrelevant knockout
,,GSM2493757,irrelevant knockout
,,GSM2493758,irrelevant knockout
,,GSM2493759,irrelevant knockout
,,GSM2493760,irrelevant knockout
,,GSM2493761,irrelevant knockout
,,GSM2493762,irrelevant knockout
,,GSM2493763,irrelevant knockout
,,GSM2493764,irrelevant knockout
,,GSM2493765,irrelevant knockout
,,GSM2493766,irrelevant knockout
,,GSM2493767,irrelevant knockout
,,GSM2493768,irrelevant knockout
,,GSM2493769,irrelevant knockout
,,GSM2493770,irrelevant knockout
,,GSM2493771,irrelevant knockout
,,GSM2493772,irrelevant knockout
,,GSM2493773,irrelevant knockout
,,GSM2493774,irrelevant knockout
,,GSM2493775,irrelevant knockout
,,GSM2493776,irrelevant knockout
,,GSM2493777,irrelevant knockout
,,GSM2493778,irrelevant knockout
,,GSM2493779,irrelevant knockout
,,GSM2493780,irrelevant knockout
,,GSM2493781,irrelevant knockout
,,GSM2493782,irrelevant knockout
,,GSM2493783,irrelevant knockout
,,GSM2493784,irrelevant knockout
,,GSM2493785,irrelevant knockout
,,GSM2493786,irrelevant knockout
,,GSM2493787,irrelevant knockout
,,GSM2493788,irrelevant knockout
,,GSM2493789,irrelevant knockout
,,GSM2493790,irrelevant knockout
,,GSM2493791,irrelevant knockout
,,GSM2493792,irrelevant knockout
,,GSM2493793,irrelevant knockout
,,GSM2493794,irrelevant knockout
,,GSM2493795,irrelevant knockout
,,GSM2493796,irrelevant knockout
,,GSM2493797,irrelevant knockout
,,GSM2493798,irrelevant knockout
,,GSM2493799,irrelevant knockout
,,GSM2493800,irrelevant knockout
,,GSM2493801,irrelevant knockout
,,GSM2493802,irrelevant knockout
,,GSM2493803,irrelevant knockout
,,GSM2493804,irrelevant knockout
,,GSM2493805,irrelevant knockout
,,GSM2493806,irrelevant knockout
,,GSM2493807,irrelevant knockout
,,GSM2493808,irrelevant knockout
,,GSM2493809,irrelevant knockout
,,GSM2493810,irrelevant knockout
,,GSM2493811,irrelevant knockout
,,GSM2493812,irrelevant knockout
,,GSM2493813,irrelevant knockout
,,GSM2493814,irrelevant knockout
,,GSM2493815,irrelevant knockout
,,GSM2493816,irrelevant knockout
,,GSM2493817,irrelevant knockout
,,GSM2493818,irrelevant knockout
,,GSM2493819,irrelevant knockout
,,GSM2493820,irrelevant knockout
,,GSM2493821,irrelevant knockout
,,GSM2493822,irrelevant knockout
,,GSM2493823,irrelevant knockout
,,GSM2493824,irrelevant knockout
,,GSM2493825,irrelevant knockout
,,GSM2493826,irrelevant knockout
,,GSM2493827,irrelevant knockout
,,GSM2493828,irrelevant knockout
,,GSM2493829,irrelevant knockout
,,GSM2493830,irrelevant knockout
,,GSM2493831,irrelevant knockout
,,GSM2493832,irrelevant knockout
,,GSM2493833,irrelevant knockout
,,GSM2493834,irrelevant knockout
,,GSM2493835,irrelevant knockout
,,GSM2493836,irrelevant knockout
,,GSM2493837,irrelevant knockout
,,GSM2493838,irrelevant knockout
,,GSM2493839,irrelevant knockout
,,GSM2493840,irrelevant knockout
,,GSM2493841,irrelevant knockout
,,GSM2493842,irrelevant knockout
,,GSM2493843,irrelevant knockout
,,GSM2493844,irrelevant knockout
,,GSM2493845,irrelevant knockout
,,GSM2493846,irrelevant knockout
,,GSM2493847,irrelevant knockout
,,GSM2493848,irrelevant knockout
,,GSM2493849,irrelevant knockout
,,GSM2493850,irrelevant knockout
,,GSM2493851,irrelevant knockout
,,GSM2493852,irrelevant knockout
,,GSM2493853,irrelevant knockout
,,GSM2493854,irrelevant knockout
,,GSM2493855,irrelevant knockout
,,GSM2493856,irrelevant knockout
,,GSM2493857,irrelevant knockout
,,GSM2493858,irrelevant knockout
,,GSM2493859,irrelevant knockout
,,GSM2493860,irrelevant knockout
,,GSM2493861,irrelevant knockout
,,GSM2493862,irrelevant knockout
,,GSM2493863,irrelevant knockout
,,GSM2493864,irrelevant knockout
,,GSM2493865,irrelevant knockout
,,GSM2493866,irrelevant knockout
,,GSM2493867,irrelevant knockout
,,GSM2493868,irrelevant knockout
,,GSM2493869,irrelevant knockout
,,GSM2493870,irrelevant knockout
,,GSM2493871,irrelevant knockout
,,GSM2493872,irrelevant knockout
,,GSM2493873,irrelevant knockout
,,GSM2493874,irrelevant knockout
,,GSM2493875,irrelevant knockout
,,GSM2493876,irrelevant knockout
,,GSM2493877,irrelevant knockout
,,GSM2493878,irrelevant knockout
,,GSM2493879,irrelevant knockout
,,GSM2493880,irrelevant knockout
,,GSM2493881,irrelevant knockout
,,GSM2493882,irrelevant knockout
,,GSM2493883,irrelevant knockout
,,GSM2493884,irrelevant knockout
,,GSM2493885,irrelevant knockout
,,GSM2493886,irrelevant knockout
,,GSM2493887,irrelevant knockout
,,GSM2493888,irrelevant knockout
,,GSM2493889,irrelevant knockout
,,GSM2493890,irrelevant knockout
,,GSM2493891,irrelevant knockout
,,GSM2493892,irrelevant knockout
,,GSM2493893,irrelevant knockout
,,GSM2493894,irrelevant knockout
,,GSM2493895,irrelevant knockout
,,GSM2493896,irrelevant knockout
,,GSM2493897,irrelevant knockout
,,GSM2493898,irrelevant knockout
,,GSM2493899,irrelevant knockout
,,GSM2493900,irrelevant knockout
,,GSM2493901,irrelevant knockout
,,GSM2493902,irrelevant knockout
,,GSM2493903,irrelevant knockout
,,GSM2493904,irrelevant knockout
,,GSM2493905,irrelevant knockout
,,GSM2493906,irrelevant knockout
,,GSM2493907,irrelevant knockout
,,GSM2493908,irrelevant knockout
,,GSM2493909,irrelevant knockout
,,GSM2493910,irrelevant knockout
,,GSM2493911,irrelevant knockout
,,GSM2493912,irrelevant knockout
,,GSM2493913,irrelevant knockout
,,GSM2493914,irrelevant knockout
,,GSM2493915,irrelevant knockout
,,GSM2493916,irrelevant knockout
,,GSM2493917,irrelevant knockout
,,GSM2493918,irrelevant knockout
,,GSM2493919,irrelevant knockout
,,GSM2493920,irrelevant knockout
,,GSM2493921,irrelevant knockout
,,GSM2493922,irrelevant knockout
,,GSM2493923,irrelevant knockout
,,GSM2493924,irrelevant knockout
,,GSM2493925,irrelevant knockout
,,GSM2493926,irrelevant knockout
,,GSM2493927,irrelevant knockout
,,GSM2493928,irrelevant knockout
,,GSM2493929,irrelevant knockout
,,GSM2493930,irrelevant knockout
,,GSM2493931,irrelevant knockout
,,GSM2493932,irrelevant knockout
,,GSM2493933,irrelevant knockout
,,GSM2493934,irrelevant knockout
,,GSM2493935,irrelevant knockout
,,GSM2493936,irrelevant knockout
,,GSM2493937,irrelevant knockout
,,GSM2493938,irrelevant knockout
,,GSM2493939,irrelevant knockout
,,GSM2493940,irrelevant knockout
,,GSM2493941,irrelevant knockout
,,GSM2493942,irrelevant knockout
,,GSM2493943,irrelevant knockout
,,GSM2493944,irrelevant knockout
,,GSM2493945,irrelevant knockout
,,GSM2493946,irrelevant knockout
,,GSM2493947,irrelevant knockout
,,GSM2493948,irrelevant knockout
,,GSM2493949,irrelevant knockout
,,GSM2493950,irrelevant knockout
,,GSM2493951,irrelevant knockout
,,GSM2493952,irrelevant knockout
,,GSM2493953,irrelevant knockout
,,GSM2493954,irrelevant knockout
,,GSM2493955,irrelevant knockout
,,GSM2493956,irrelevant knockout
,,GSM2493957,irrelevant knockout
,,GSM2493958,irrelevant knockout
,,GSM2493959,irrelevant knockout
,,GSM2493960,irrelevant knockout
,,GSM2493961,irrelevant knockout
,,GSM2493962,irrelevant knockout
,,GSM2493963,irrelevant knockout
,,GSM2493964,irrelevant knockout
,,GSM2493965,irrelevant knockout
,,GSM2493966,irrelevant knockout
,,GSM2493967,irrelevant knockout
,,GSM2493968,irrelevant knockout
,,GSM2493969,irrelevant knockout
,,GSM2493970,irrelevant knockout
,,GSM2493971,irrelevant knockout
,,GSM2493972,irrelevant knockout
,,GSM2493973,irrelevant knockout
,,GSM2493974,irrelevant knockout
,,GSM2493975,irrelevant knockout
,,GSM2493976,irrelevant knockout
,,GSM2493977,irrelevant knockout
,,GSM2493978,irrelevant knockout
,,GSM2493979,irrelevant knockout
,,GSM2493980,irrelevant knockout
,,GSM2493127,irrelevant knockout
,,GSM2493128,irrelevant knockout
,,GSM2493129,irrelevant knockout
,,GSM2493130,irrelevant knockout
,,GSM2493131,irrelevant knockout
,,GSM2493132,irrelevant knockout
,,GSM2493133,irrelevant knockout
,,GSM2493134,irrelevant knockout
,,GSM2493135,irrelevant knockout
,,GSM2493136,irrelevant knockout
,,GSM2493137,irrelevant knockout
,,GSM2493138,irrelevant knockout
,,GSM2493139,irrelevant knockout
,,GSM2493140,irrelevant knockout
,,GSM2493141,irrelevant knockout
,,GSM2493142,irrelevant knockout
,,GSM2493143,irrelevant knockout
,,GSM2493144,irrelevant knockout
,,GSM2493145,irrelevant knockout
,,GSM2493146,irrelevant knockout
,,GSM2493147,irrelevant knockout
,,GSM2493148,irrelevant knockout
,,GSM2493149,irrelevant knockout
,,GSM2493150,irrelevant knockout
,,GSM2493151,irrelevant knockout
,,GSM2493152,irrelevant knockout
,,GSM2493153,irrelevant knockout
,,GSM2493154,irrelevant knockout
,,GSM2493155,irrelevant knockout
,,GSM2493156,irrelevant knockout
,,GSM2493157,irrelevant knockout
,,GSM2493158,irrelevant knockout
,,GSM2493159,irrelevant knockout
,,GSM2493160,irrelevant knockout
,,GSM2493161,irrelevant knockout
,,GSM2493162,irrelevant knockout
,,GSM2493163,irrelevant knockout
,,GSM2493164,irrelevant knockout
,,GSM2493165,irrelevant knockout
,,GSM2493166,irrelevant knockout
,,GSM2493167,irrelevant knockout
,,GSM2493168,irrelevant knockout
,,GSM2493169,irrelevant knockout
,,GSM2493170,irrelevant knockout
,,GSM2493171,irrelevant knockout
,,GSM2493172,irrelevant knockout
,,GSM2493173,irrelevant knockout
,,GSM2493174,irrelevant knockout
,,GSM2493175,irrelevant knockout
,,GSM2493176,irrelevant knockout
,,GSM2493177,irrelevant knockout
,,GSM2493178,irrelevant knockout
,,GSM2493179,irrelevant knockout
,,GSM2493180,irrelevant knockout
,,GSM2493181,irrelevant knockout
,,GSM2493182,irrelevant knockout
,,GSM2493183,irrelevant knockout
,,GSM2493184,irrelevant knockout
,,GSM2493185,irrelevant knockout
,,GSM2493186,irrelevant knockout
,,GSM2493187,irrelevant knockout
,,GSM2493188,irrelevant knockout
,,GSM2493189,irrelevant knockout
,,GSM2493190,irrelevant knockout
,,GSM2493191,irrelevant knockout
,,GSM2493192,irrelevant knockout
,,GSM2493193,irrelevant knockout
,,GSM2493194,irrelevant knockout
,,GSM2493195,irrelevant knockout
,,GSM2493196,irrelevant knockout
,,GSM2493197,irrelevant knockout
,,GSM2493198,irrelevant knockout
,,GSM2493199,irrelevant knockout
,,GSM2493200,irrelevant knockout
,,GSM2493201,irrelevant knockout
,,GSM2493202,irrelevant knockout
,,GSM2493203,irrelevant knockout
,,GSM2493204,irrelevant knockout
,,GSM2493205,irrelevant knockout
,,GSM2493206,irrelevant knockout
,,GSM2876329,resistant to treatment
,,GSM2876330,resistant to treatment
,,GSM2876331,resistant to treatment
,,GSM2876335,resistant to treatment
,,GSM2876336,resistant to treatment
,,GSM2876337,resistant to treatment
,,GSM3231616,resistant to treatment
,,GSM3231617,resistant to treatment
,,GSM3231618,resistant to treatment
,,GSM3231622,resistant to treatment
,,GSM3231623,resistant to treatment
,,GSM3231624,resistant to treatment
,,GSM3098024,irrelevant treatment
,,GSM3098025,irrelevant treatment
,,GSM3098026,irrelevant treatment
,,GSM3098027,irrelevant treatment
,,GSM3098028,irrelevant treatment
,,GSM3098029,irrelevant treatment
,,GSM3098030,irrelevant treatment
,,GSM3098031,irrelevant treatment
,,GSM3098032,irrelevant treatment
,,GSM3098033,irrelevant treatment
,,GSM3098034,irrelevant treatment
,,GSM3098035,irrelevant treatment
,,GSM3098036,irrelevant treatment
,,GSM3098037,irrelevant treatment
,,GSM3098038,irrelevant treatment
,,GSM3098039,irrelevant treatment
,,GSM3098040,irrelevant treatment
,,GSM3098041,irrelevant treatment
,,GSM3098042,irrelevant treatment
,,GSM3098043,irrelevant treatment
,,GSM3098044,irrelevant treatment
,,GSM3098045,irrelevant treatment
,,GSM3098046,irrelevant treatment
,,GSM3098047,irrelevant treatment
,,GSM3347860,irrelevant overexpression
,,GSM3347864,irrelevant overexpression
,,GSM3347865,irrelevant overexpression
,,GSM3347869,irrelevant overexpression
,,GSM3347870,irrelevant overexpression
,,GSM3347871,irrelevant overexpression
,,GSM3347872,irrelevant overexpression
,,GSM3347873,irrelevant overexpression
,,GSM3347874,irrelevant overexpression
,,GSM3347875,irrelevant overexpression
,,GSM3347876,irrelevant overexpression
,,GSM3347877,irrelevant overexpression
,,GSM3347878,irrelevant overexpression
,,GSM3347879,irrelevant overexpression
,,GSM3347880,irrelevant overexpression
,,GSM3347881,irrelevant overexpression
,,GSM3347882,irrelevant overexpression
,,GSM3347883,irrelevant overexpression
,,GSM3347884,irrelevant overexpression
,,GSM3347888,irrelevant overexpression
,,GSM3347889,irrelevant overexpression
,,GSM3347893,irrelevant overexpression
,,GSM3347894,irrelevant overexpression
,,GSM3347895,irrelevant overexpression
,,GSM3347896,irrelevant overexpression
,,GSM3347897,irrelevant overexpression
,,GSM3347898,irrelevant overexpression
,,GSM3347899,irrelevant overexpression
,,GSM3347900,irrelevant overexpression
,,GSM3347901,irrelevant overexpression
,,GSM3347902,irrelevant overexpression
,,GSM3347903,irrelevant overexpression
,,GSM3347904,irrelevant overexpression
,,GSM3347905,irrelevant overexpression
,,GSM3347906,irrelevant overexpression
,,GSM3347907,irrelevant overexpression
,,GSM3347908,irrelevant overexpression
,,GSM3347912,irrelevant overexpression
,,GSM3347913,irrelevant overexpression
,,GSM3347917,irrelevant overexpression
,,GSM3347918,irrelevant overexpression
,,GSM3347919,irrelevant overexpression
,,GSM3347920,irrelevant overexpression
,,GSM3347921,irrelevant overexpression
,,GSM3347922,irrelevant overexpression
,,GSM3347923,irrelevant overexpression
,,GSM3347924,irrelevant overexpression
,,GSM3347925,irrelevant overexpression
,,GSM3347926,irrelevant overexpression
,,GSM3347927,irrelevant overexpression
,,GSM3347928,irrelevant overexpression
,,GSM3347929,irrelevant overexpression
,,GSM3347930,irrelevant overexpression
,,GSM3347931,irrelevant overexpression
,,GSM3347935,irrelevant overexpression
,,GSM3347936,irrelevant overexpression
,,GSM3347940,irrelevant overexpression
,,GSM3347941,irrelevant overexpression
,,GSM3347942,irrelevant overexpression
,,GSM3347943,irrelevant overexpression
,,GSM3347944,irrelevant overexpression
,,GSM3347945,irrelevant overexpression
,,GSM3347946,irrelevant overexpression
,,GSM3347947,irrelevant overexpression
,,GSM3347948,irrelevant overexpression
,,GSM3347949,irrelevant overexpression
,,GSM3347950,irrelevant overexpression
,,GSM3347951,irrelevant overexpression
,,GSM3347952,irrelevant overexpression
,,GSM3347953,irrelevant overexpression
,,GSM3347954,irrelevant overexpression
,,GSM2706329,irrelevant knockout
,,GSM2706330,irrelevant knockout
,,GSM2706331,irrelevant knockout
,,GSM2706342,irrelevant knockout
,,GSM2706343,irrelevant knockout
,,GSM2706344,irrelevant knockout
,,GSM3004157,irrelevant knockout
,,GSM3004158,irrelevant knockout
,,GSM3004159,irrelevant knockout
,,GSM3004160,irrelevant knockout
,,GSM3004175,irrelevant knockout
,,GSM3004176,irrelevant knockout
,,GSM3004177,irrelevant knockout
,,GSM3004178,irrelevant knockout
,,GSM3070232,irrelevant cell line 
,,GSM3070233,irrelevant cell line 
,,GSM3070234,irrelevant cell line 
,,GSM3070235,irrelevant cell line 
,,GSM3070236,irrelevant cell line 
,,GSM3070237,irrelevant cell line 
,,GSM3070241,irrelevant knockout
,,GSM3070242,irrelevant knockout
,,GSM3070243,irrelevant knockout
,,GSM3721960,irrelevant knockout
,,GSM3721961,irrelevant knockout
,,GSM3721962,irrelevant knockout
,,GSM3721963,irrelevant knockout
,,GSM3721964,irrelevant knockout
,,GSM3721965,irrelevant knockout
,,GSM3721969,irrelevant knockout
,,GSM3721970,irrelevant knockout
,,GSM3721971,irrelevant knockout
,,GSM3721979,irrelevant knockout
,,GSM3721980,irrelevant knockout
,,GSM3721981,irrelevant knockout
,,GSM3673583,irrelevant knockout
,,GSM3673584,irrelevant knockout
,,GSM3673585,irrelevant knockout
,,GSM3673586,irrelevant knockout
,,GSM3673587,irrelevant knockout
,,GSM3673588,irrelevant knockout
,,GSM3910177,irrelevant knockout
,,GSM3910178,irrelevant knockout
,,GSM3098048,irrelevant dosis
,,GSM3098049,irrelevant dosis
,,GSM3098050,irrelevant dosis
,,GSM3098051,irrelevant dosis
,,GSM3098052,irrelevant dosis
,,GSM3098053,irrelevant dosis
,,GSM3098054,irrelevant dosis
,,GSM3098055,irrelevant dosis
,,GSM1709533,irrelevant treatment
,,GSM1709534,irrelevant treatment
,,GSM1709535,irrelevant treatment
,,GSM1709536,irrelevant treatment
,,GSM1709537,irrelevant treatment
,,GSM1709538,irrelevant treatment
,,GSM1709539,irrelevant treatment
,,GSM1709540,irrelevant treatment
,,GSM1709541,irrelevant treatment
,,GSM1709542,irrelevant treatment
,,GSM1709543,irrelevant treatment
,,GSM1709544,irrelevant treatment
,,GSM1709545,irrelevant treatment
,,GSM1709546,irrelevant treatment
,,GSM1709547,irrelevant treatment
,,GSM1709548,irrelevant treatment
,,GSM1709549,irrelevant treatment
,,GSM1709550,irrelevant treatment
,,GSM2082511,heterozygous mutant
,,GSM2082512,heterozygous mutant
,,GSM2082517,heterozygous mutant
,,GSM2082518,heterozygous mutant
,,GSM2082523,heterozygous mutant
,,GSM2082524,heterozygous mutant
,,GSM2082529,heterozygous mutant
,,GSM2082530,heterozygous mutant
,,GSM2082541,no difference between case and control
,,GSM2082542,no difference between case and control
,,GSM2082553,no difference between case and control
,,GSM2082554,no difference between case and control
,,GSM2082565,no difference between case and control
,,GSM2082566,no difference between case and control
,,GSM2082577,no difference between case and control
,,GSM2082578,no difference between case and control
,,GSM4101089,outlier
,,GSM3737431,no difference between case and control
,,GSM3737432,no difference between case and control
,,GSM3737433,no difference between case and control
,,GSM3737434,no difference between case and control
,,GSM3737435,no difference between case and control
,,GSM3737436,no difference between case and control
,,GSM3737437,no difference between case and control
,,GSM3737438,no difference between case and control
,,GSM3737439,no difference between case and control
,,GSM3737440,no difference between case and control
,,GSM3737441,no difference between case and control
,,GSM3737442,no difference between case and control
,,GSM3737443,no difference between case and control
,,GSM3737444,no difference between case and control
,,GSM3737445,no difference between case and control
,,GSM3737446,no difference between case and control
,,GSM3737447,no difference between case and control
,,GSM3737448,no difference between case and control
,,GSM3737449,no difference between case and control
,,GSM3737450,no difference between case and control
,,GSM3737451,no difference between case and control
,,GSM3737452,no difference between case and control
,,GSM3737453,no difference between case and control
,,GSM3737454,no difference between case and control
,,GSM3004144,outlier
,,GSM1709524,no difference between case and control
,,GSM1709525,no difference between case and control
,,GSM1709526,no difference between case and control
,,GSM1709542,no difference between case and control
,,GSM1709543,no difference between case and control
,,GSM1709544,no difference between case and control
,,GSM1709563,no difference between case and control
,,GSM1709564,no difference between case and control
,,GSM1709565,no difference between case and control
,,GSM1709581,no difference between case and control
,,GSM1709582,no difference between case and control
,,GSM1709583,no difference between case and control
,,GSM2082527,no difference between case and control
,,GSM2082528,no difference between case and control
,,GSM2082529,no difference between case and control
,,GSM2082530,no difference between case and control
,,GSM2082531,no difference between case and control
,,GSM2082532,no difference between case and control